<?xml version="1.0" encoding="UTF-8"?>
<project-private xmlns="http://www.netbeans.org/ns/project-private/1">
    <editor-bookmarks xmlns="http://www.netbeans.org/ns/editor-bookmarks/2" lastBookmarkId="0"/>
    <open-files xmlns="http://www.netbeans.org/ns/projectui-open-files/2">
        <group>
            <file>file:/C:/Users/PC%201/Desktop/Practica_1_200819088/src/practica_1_200819088/Practica_1_200819088.java</file>
            <file>file:/C:/Users/PC%201/Desktop/Practica_1_200819088/src/practica_1_200819088/Cola.java</file>
            <file>file:/C:/Users/PC%201/Desktop/Practica_1_200819088/src/practica_1_200819088/Lista_Circular.java</file>
            <file>file:/C:/Users/PC%201/Desktop/Practica_1_200819088/src/practica_1_200819088/Tablero.java</file>
            <file>file:/C:/Users/PC%201/Desktop/Practica_1_200819088/src/practica_1_200819088/Lista_Simple.java</file>
        </group>
    </open-files>
</project-private>
